feature,importance
x,0.19985310012133375
defender_distance,0.18481639605891848
y,0.17278118091940947
shot_clock,0.15544114989409996
seconds_remaining,0.11415104232759334
minutes_remaining,0.09374094874315175
shot_distance,0.048693453560732444
period,0.030522728374760777
