feature,importance
shot_distance,0.459704080222285
defender_distance,0.11245974775279398
touch_time,0.1021470717229158
y,0.09661399939710535
shot_clock,0.061988178736490776
x,0.05623608998112526
seconds_remaining,0.05028729178944964
minutes_remaining,0.020971654065019912
dribbles,0.017290743119459166
period,0.015105116347365817
local,0.00719602686598942
