feature,importance
x,0.17378007163741097
defender_distance,0.16806633220751283
shot_clock,0.13835667822160266
y,0.12917187338875175
seconds_remaining,0.10384917285630012
minutes_remaining,0.09135576662331843
touch_time,0.06803172370645895
shot_distance,0.05235996271523186
dribbles,0.04629463157444022
period,0.022843007144982042
local,0.005890779923990162
