feature,importance
shot_distance,0.4759776138546161
defender_distance,0.13657168943245415
y,0.11896111457781586
seconds_remaining,0.0808136219760131
shot_clock,0.0787876900945764
x,0.0738284102709337
minutes_remaining,0.020174832324066912
period,0.01488502746952385
