Model,Accuracy
RandomForest,0.6168091168091168
LogisticRegression,0.6101614434947769
GradientBoosting,0.6381766381766382
AdaBoost,0.6362773029439696
SVC,0.6358024691358025
