Model,Accuracy
RandomForest,0.6348528015194682
LogisticRegression,0.6120607787274454
GradientBoosting,0.6410256410256411
AdaBoost,0.6367521367521367
SVC,0.6367521367521367
